1,0.9999,0.99993,1.0001,1.0004,1.0008,1.0014,1.0021,1.0029,1.0039,1.0051,1.0064,1.0078,1.0095,1.0113,1.0133,1.0154,1.0178,1.0204,1.0233,1.0263,1.0296,1.0332,1.037,1.0412,1.0456,1.0503,1.0554,1.0609,1.0667,1.0731,1.0796,1.0869,1.0943,1.1027,1.1113,1.1206,1.1307,1.141,1.1524,1.1648,1.1774,1.1904,1.2061,1.2221,1.2382,1.2546,1.2756,1.2969,1.3186,1.3407,1.3634,1.3934,1.4241,1.4555,1.4876,1.5204,1.5551,1.6016,1.6496,1.6989,1.7498,1.8022,1.8561,1.9182,1.99,2.0644,2.1438,2.2327,2.3304,2.4362,2.5522,2.6796,2.8197,2.9744,3.146,3.3379,3.5559,3.8115,4.135,4.6731
1,1,1.0002,1.0005,1.001,1.0015,1.0023,1.0031,1.0042,1.0053,1.0067,1.0081,1.0098,1.0116,1.0137,1.0159,1.0183,1.0209,1.0238,1.0268,1.0302,1.0337,1.0376,1.0418,1.0462,1.051,1.0561,1.0616,1.0675,1.0736,1.0805,1.0874,1.0953,1.1032,1.1121,1.1213,1.1311,1.142,1.1529,1.165,1.1783,1.1917,1.2055,1.2223,1.2392,1.2564,1.2739,1.2963,1.3191,1.3422,1.3658,1.3901,1.4222,1.4551,1.4887,1.5231,1.5584,1.5957,1.6457,1.6974,1.7507,1.8056,1.8623,1.9207,1.9882,2.0662,2.1473,2.2339,2.3312,2.4383,2.5547,2.6824,2.8232,2.9783,3.1501,3.3413,3.5559,3.8006,4.0885,4.4544,5.0672
1,1.0002,1.0005,1.0009,1.0015,1.0022,1.0031,1.0041,1.0053,1.0067,1.0082,1.0099,1.0117,1.0137,1.016,1.0184,1.021,1.0239,1.027,1.0303,1.0339,1.0377,1.0419,1.0463,1.0511,1.0562,1.0616,1.0675,1.0738,1.0803,1.0876,1.095,1.1033,1.1117,1.1212,1.1309,1.1414,1.1529,1.1645,1.1773,1.1913,1.2055,1.2202,1.2379,1.2559,1.2742,1.2927,1.3165,1.3407,1.3653,1.3904,1.4162,1.4504,1.4854,1.5213,1.5581,1.5957,1.6356,1.6893,1.7447,1.8019,1.861,1.922,1.9851,2.0579,2.1424,2.2303,2.3244,2.4303,2.5471,2.6743,2.8142,2.969,3.1399,3.3297,3.5417,3.7803,4.0533,4.3758,4.7876,5.4815
1,1.0003,1.0007,1.0013,1.0021,1.003,1.004,1.0052,1.0065,1.0081,1.0098,1.0116,1.0137,1.0159,1.0184,1.021,1.0239,1.027,1.0303,1.0339,1.0378,1.0419,1.0464,1.0512,1.0563,1.0617,1.0675,1.0738,1.0805,1.0875,1.0952,1.103,1.1119,1.1208,1.1309,1.1413,1.1523,1.1645,1.1768,1.1904,1.2054,1.2204,1.2361,1.2549,1.274,1.2934,1.3132,1.3385,1.3642,1.3905,1.4172,1.4448,1.4813,1.5188,1.5572,1.5966,1.637,1.6799,1.7376,1.7973,1.859,1.9229,1.989,2.0573,2.1365,2.2284,2.3243,2.4271,2.5431,2.6714,2.8115,2.966,3.1373,3.3272,3.5388,3.7758,4.0437,4.3514,4.7165,5.1851,5.9804
1,1.0004,1.0009,1.0016,1.0025,1.0035,1.0046,1.0059,1.0074,1.009,1.0108,1.0128,1.015,1.0174,1.02,1.0227,1.0258,1.029,1.0325,1.0363,1.0403,1.0446,1.0493,1.0542,1.0595,1.0652,1.0712,1.0777,1.0846,1.0918,1.0998,1.1079,1.1171,1.1263,1.1367,1.1474,1.1588,1.1714,1.1841,1.1981,1.2135,1.2291,1.2452,1.2646,1.2843,1.3044,1.3248,1.3508,1.3774,1.4045,1.4322,1.4606,1.4984,1.5372,1.577,1.6177,1.6596,1.7041,1.764,1.826,1.8901,1.9566,2.0253,2.0965,2.1791,2.2751,2.3753,2.4828,2.6044,2.739,2.8861,3.0487,3.2293,3.4297,3.6536,3.9048,4.1893,4.5169,4.9066,5.4082,6.2633
1,1.0005,1.0011,1.0019,1.0028,1.0039,1.0051,1.0065,1.0081,1.0099,1.0118,1.0139,1.0161,1.0186,1.0213,1.0242,1.0274,1.0307,1.0344,1.0382,1.0424,1.0469,1.0516,1.0567,1.0622,1.068,1.0742,1.0809,1.0879,1.0954,1.1035,1.1119,1.1212,1.1307,1.1413,1.1523,1.164,1.1768,1.1898,1.2042,1.2199,1.2359,1.2523,1.2722,1.2924,1.3129,1.3338,1.3604,1.3876,1.4154,1.4437,1.4729,1.5116,1.5513,1.5921,1.634,1.6769,1.7226,1.7841,1.8479,1.9139,1.9823,2.0531,2.1265,2.2116,2.3107,2.4142,2.5254,2.6513,2.7908,2.9434,3.1123,3.3002,3.509,3.7426,4.0051,4.303,4.6467,5.0563,5.5851,6.4895
1,1.0006,1.0013,1.0021,1.0032,1.0043,1.0057,1.0072,1.0088,1.0106,1.0127,1.0149,1.0172,1.0198,1.0226,1.0256,1.0289,1.0324,1.0361,1.0401,1.0444,1.049,1.0539,1.0592,1.0648,1.0708,1.0771,1.0839,1.0912,1.0988,1.1071,1.1157,1.1253,1.1349,1.1458,1.157,1.1689,1.1821,1.1954,1.21,1.2261,1.2424,1.2592,1.2795,1.3001,1.3211,1.3424,1.3697,1.3975,1.4258,1.4548,1.4846,1.5243,1.5649,1.6067,1.6496,1.6936,1.7404,1.8035,1.869,1.9368,2.0071,2.0799,2.1554,2.243,2.3452,2.4519,2.5667,2.6967,2.841,2.9991,3.1742,3.3692,3.5863,3.8295,4.1033,4.4144,4.7741,5.2037,5.7596,6.7136
1,1.0006,1.0014,1.0024,1.0035,1.0048,1.0062,1.0078,1.0096,1.0115,1.0136,1.0159,1.0184,1.0211,1.024,1.0272,1.0306,1.0342,1.038,1.0422,1.0466,1.0514,1.0564,1.0618,1.0676,1.0737,1.0802,1.0872,1.0947,1.1025,1.1111,1.1198,1.1296,1.1395,1.1507,1.1621,1.1744,1.1878,1.2014,1.2164,1.2329,1.2495,1.2668,1.2875,1.3086,1.3301,1.3519,1.3798,1.4083,1.4374,1.4671,1.4977,1.5383,1.58,1.6229,1.6669,1.7121,1.7602,1.8252,1.8926,1.9624,2.0348,2.11,2.1878,2.2784,2.384,2.4945,2.6134,2.7482,2.898,3.0624,3.2447,3.4481,3.6748,3.9291,4.2161,4.5428,4.9213,5.3746,5.9626,6.9757
1,1.0007,1.0016,1.0027,1.0039,1.0053,1.0068,1.0085,1.0104,1.0125,1.0147,1.0172,1.0198,1.0226,1.0257,1.029,1.0325,1.0363,1.0403,1.0446,1.0493,1.0542,1.0594,1.0651,1.071,1.0774,1.0841,1.0914,1.0991,1.1072,1.1161,1.1251,1.1353,1.1455,1.1571,1.1689,1.1815,1.1954,1.2095,1.225,1.242,1.2593,1.2771,1.2986,1.3204,1.3426,1.3653,1.3942,1.4237,1.4539,1.4846,1.5164,1.5586,1.602,1.6466,1.6924,1.7395,1.7897,1.8575,1.9279,2.001,2.0769,2.1556,2.2373,2.3325,2.4437,2.5601,2.6856,2.8282,2.9869,3.1613,3.3552,3.572,3.8141,4.0866,4.3947,4.7466,5.1555,5.6469,6.2869,7.3959
1,1.0008,1.0018,1.003,1.0043,1.0057,1.0074,1.0092,1.0111,1.0133,1.0156,1.0182,1.0209,1.0239,1.0271,1.0305,1.0341,1.038,1.0422,1.0467,1.0514,1.0565,1.0619,1.0677,1.0738,1.0804,1.0873,1.0947,1.1027,1.1109,1.12,1.1293,1.1397,1.1503,1.1621,1.1742,1.1871,1.2014,1.2158,1.2317,1.2491,1.2668,1.2851,1.3071,1.3295,1.3523,1.3755,1.4052,1.4355,1.4664,1.498,1.5307,1.5741,1.6187,1.6646,1.7118,1.7603,1.812,1.8821,1.9548,2.0303,2.1088,2.1903,2.275,2.3737,2.4891,2.6101,2.7407,2.8893,3.055,3.2373,3.4404,3.6677,3.9222,4.2091,4.5342,4.9065,5.3401,5.8626,6.5454,7.7341
1,1.0009,1.002,1.0032,1.0046,1.0061,1.0078,1.0097,1.0118,1.014,1.0165,1.0191,1.0219,1.025,1.0283,1.0318,1.0355,1.0395,1.0438,1.0484,1.0533,1.0585,1.064,1.07,1.0763,1.083,1.09,1.0976,1.1057,1.1142,1.1235,1.133,1.1436,1.1543,1.1664,1.1787,1.1919,1.2065,1.2212,1.2374,1.2552,1.2732,1.2918,1.3143,1.3371,1.3604,1.3841,1.4144,1.4453,1.4769,1.5093,1.5426,1.587,1.6327,1.6796,1.7279,1.7776,1.8306,1.9024,1.9771,2.0546,2.1353,2.219,2.3061,2.4077,2.5267,2.6516,2.7864,2.94,3.1115,3.3004,3.5111,3.7473,4.0121,4.3112,4.6507,5.0402,5.4949,6.044,6.7636,8.0209
1,1.001,1.0021,1.0034,1.0049,1.0065,1.0083,1.0103,1.0124,1.0147,1.0173,1.02,1.0229,1.0261,1.0294,1.033,1.0369,1.041,1.0454,1.0501,1.0551,1.0604,1.0661,1.0721,1.0786,1.0854,1.0926,1.1004,1.1086,1.1172,1.1267,1.1364,1.1472,1.1581,1.1704,1.183,1.1964,1.2112,1.2262,1.2427,1.2608,1.2792,1.2982,1.321,1.3443,1.368,1.3921,1.423,1.4545,1.4868,1.5197,1.5538,1.599,1.6456,1.6936,1.7429,1.7937,1.8479,1.9214,1.9978,2.0773,2.1599,2.2459,2.3352,2.4396,2.5619,2.6904,2.8292,2.9875,3.1645,3.3596,3.5776,3.8222,4.097,4.4077,4.761,5.1671,5.642,6.2169,6.9722,8.2963
1,1.001,1.0022,1.0036,1.0051,1.0068,1.0087,1.0107,1.013,1.0154,1.018,1.0208,1.0238,1.027,1.0305,1.0341,1.0381,1.0423,1.0468,1.0516,1.0567,1.0621,1.0679,1.074,1.0806,1.0875,1.0949,1.1028,1.1112,1.1199,1.1295,1.1393,1.1503,1.1614,1.1739,1.1867,1.2003,1.2153,1.2305,1.2473,1.2657,1.2843,1.3035,1.3268,1.3504,1.3744,1.3989,1.4303,1.4623,1.4951,1.5286,1.5632,1.6092,1.6566,1.7054,1.7556,1.8073,1.8625,1.9374,2.0153,2.0964,2.1807,2.2685,2.3597,2.4665,2.5916,2.7232,2.8654,3.0278,3.2095,3.4101,3.6343,3.8863,4.1697,4.4907,4.8562,5.277,5.77,6.3679,7.1553,8.54
1,1.0011,1.0024,1.0038,1.0054,1.0072,1.0092,1.0113,1.0136,1.0161,1.0188,1.0217,1.0248,1.0281,1.0316,1.0354,1.0395,1.0438,1.0484,1.0533,1.0585,1.0641,1.07,1.0762,1.0829,1.09,1.0975,1.1056,1.1141,1.1231,1.1329,1.1429,1.1541,1.1654,1.178,1.1911,1.205,1.2203,1.2358,1.2528,1.2715,1.2905,1.3101,1.3338,1.3578,1.3823,1.4073,1.4393,1.472,1.5054,1.5395,1.5749,1.6219,1.6703,1.7202,1.7716,1.8245,1.881,1.9578,2.0377,2.1209,2.2075,2.2977,2.3915,2.5014,2.6304,2.766,2.9129,3.0808,3.2689,3.4768,3.7096,3.9717,4.2669,4.6018,4.9841,5.425,5.9429,6.5728,7.4047,8.8741
1,1.0012,1.0025,1.004,1.0057,1.0075,1.0095,1.0117,1.0141,1.0166,1.0194,1.0224,1.0255,1.0289,1.0325,1.0364,1.0405,1.0449,1.0496,1.0546,1.0599,1.0655,1.0715,1.0779,1.0847,1.0919,1.0995,1.1077,1.1163,1.1254,1.1353,1.1454,1.1568,1.1682,1.181,1.1942,1.2083,1.2238,1.2394,1.2567,1.2756,1.2948,1.3147,1.3386,1.363,1.3878,1.4131,1.4455,1.4786,1.5124,1.547,1.5828,1.6305,1.6796,1.7302,1.7823,1.836,1.8933,1.9713,2.0526,2.1371,2.2252,2.3169,2.4124,2.5243,2.6558,2.7941,2.944,3.1154,3.3077,3.5204,3.7588,4.0275,4.3305,4.6746,5.0679,5.5223,6.0568,6.7079,7.5696,9.096
1,1.0012,1.0026,1.0042,1.0059,1.0078,1.0098,1.0121,1.0145,1.0171,1.0199,1.0229,1.0262,1.0296,1.0333,1.0372,1.0414,1.0458,1.0506,1.0556,1.061,1.0667,1.0727,1.0792,1.086,1.0933,1.1009,1.1092,1.1179,1.1271,1.1371,1.1473,1.1587,1.1702,1.1831,1.1964,1.2106,1.2262,1.242,1.2594,1.2784,1.2977,1.3177,1.3418,1.3663,1.3913,1.4168,1.4493,1.4827,1.5167,1.5516,1.5876,1.6356,1.6851,1.736,1.7885,1.8426,1.9003,1.979,2.0609,2.1462,2.235,2.3276,2.4239,2.5368,2.6696,2.8093,2.9607,3.134,3.3284,3.5437,3.785,4.0572,4.3642,4.7133,5.1125,5.5741,6.1176,6.7803,7.6585,9.2161
1,1.0013,1.0027,1.0043,1.0061,1.008,1.0101,1.0124,1.0149,1.0175,1.0204,1.0234,1.0267,1.0302,1.0339,1.0379,1.0421,1.0466,1.0514,1.0565,1.0619,1.0677,1.0738,1.0803,1.0872,1.0945,1.1022,1.1105,1.1193,1.1285,1.1386,1.1488,1.1603,1.1719,1.1849,1.1982,1.2125,1.2281,1.244,1.2615,1.2806,1.3,1.3201,1.3443,1.369,1.394,1.4196,1.4523,1.4858,1.52,1.555,1.5912,1.6395,1.6892,1.7404,1.7931,1.8475,1.9055,1.9846,2.067,2.1528,2.2421,2.3352,2.4321,2.5458,2.6794,2.8201,2.9726,3.1472,3.3432,3.5602,3.8037,4.0784,4.3885,4.7412,5.1448,5.6118,6.1621,6.8337,7.7245,9.3064
1,1.0013,1.0028,1.0044,1.0062,1.0082,1.0103,1.0127,1.0152,1.0179,1.0208,1.0239,1.0272,1.0307,1.0345,1.0385,1.0428,1.0473,1.0521,1.0572,1.0627,1.0685,1.0746,1.0811,1.0881,1.0954,1.1032,1.1115,1.1203,1.1296,1.1397,1.15,1.1615,1.1731,1.1861,1.1995,1.2138,1.2295,1.2454,1.2629,1.2821,1.3015,1.3217,1.3459,1.3706,1.3957,1.4213,1.4541,1.4876,1.5219,1.557,1.5932,1.6415,1.6913,1.7426,1.7954,1.8499,1.908,1.9873,2.0698,2.1558,2.2453,2.3386,2.4357,2.5497,2.6837,2.8248,2.9777,3.153,3.3496,3.5675,3.812,4.0879,4.3995,4.7541,5.16,5.63,6.184,6.8607,7.7588,9.3554
1,1.0013,1.0029,1.0045,1.0064,1.0084,1.0106,1.0129,1.0155,1.0182,1.0212,1.0243,1.0277,1.0312,1.035,1.0391,1.0434,1.048,1.0528,1.058,1.0635,1.0693,1.0755,1.0821,1.089,1.0964,1.1042,1.1126,1.1215,1.1307,1.1409,1.1512,1.1628,1.1744,1.1875,1.2009,1.2153,1.231,1.247,1.2646,1.2838,1.3033,1.3235,1.3478,1.3725,1.3978,1.4235,1.4563,1.4899,1.5243,1.5595,1.5959,1.6443,1.6943,1.7457,1.7988,1.8534,1.9117,1.9913,2.0742,2.1605,2.2505,2.3442,2.4417,2.5563,2.691,2.8329,2.9867,3.163,3.361,3.5804,3.8267,4.1048,4.4191,4.777,5.187,5.662,6.2224,6.9076,7.8179,9.4387
1,1.0014,1.0029,1.0047,1.0065,1.0086,1.0108,1.0132,1.0158,1.0186,1.0215,1.0247,1.0281,1.0317,1.0355,1.0396,1.0439,1.0486,1.0535,1.0587,1.0642,1.07,1.0762,1.0828,1.0898,1.0973,1.1051,1.1135,1.1224,1.1317,1.1419,1.1522,1.1638,1.1755,1.1886,1.2021,1.2165,1.2323,1.2482,1.2658,1.2851,1.3046,1.3249,1.3492,1.374,1.3993,1.425,1.4579,1.4916,1.526,1.5612,1.5977,1.6462,1.6963,1.7478,1.8009,1.8556,1.9141,1.9939,2.0769,2.1635,2.2536,2.3476,2.4454,2.5602,2.6954,2.8377,2.9921,3.1691,3.3679,3.5883,3.8358,4.1154,4.4315,4.7916,5.2045,5.683,6.2481,6.9394,7.8588,9.4977
1,1.0014,1.003,1.0047,1.0066,1.0087,1.011,1.0134,1.016,1.0188,1.0218,1.0249,1.0283,1.032,1.0358,1.0399,1.0442,1.0489,1.0538,1.059,1.0645,1.0703,1.0765,1.0831,1.0901,1.0975,1.1053,1.1137,1.1226,1.1318,1.142,1.1523,1.1638,1.1755,1.1885,1.2019,1.2162,1.2319,1.2478,1.2653,1.2844,1.3038,1.324,1.3481,1.3727,1.3978,1.4234,1.456,1.4894,1.5236,1.5585,1.5947,1.6428,1.6924,1.7435,1.7961,1.8503,1.9082,1.9871,2.0694,2.155,2.2442,2.3371,2.4338,2.5473,2.6809,2.8215,2.9739,3.1486,3.3448,3.5622,3.8062,4.0818,4.3932,4.7479,5.1543,5.6251,6.1808,6.8603,7.7635,9.3722
1,1.0014,1.003,1.0048,1.0067,1.0088,1.0111,1.0135,1.0161,1.0189,1.0219,1.0251,1.0285,1.0322,1.036,1.0401,1.0445,1.0491,1.054,1.0592,1.0647,1.0705,1.0767,1.0833,1.0903,1.0977,1.1054,1.1138,1.1226,1.1318,1.1419,1.1522,1.1637,1.1753,1.1883,1.2016,1.2158,1.2314,1.2472,1.2646,1.2836,1.3029,1.3229,1.3469,1.3714,1.3963,1.4216,1.454,1.4872,1.5211,1.5558,1.5916,1.6393,1.6885,1.7391,1.7912,1.845,1.9023,1.9805,2.0619,2.1467,2.235,2.3268,2.4225,2.5347,2.6668,2.8057,2.9563,3.1288,3.3225,3.5371,3.7778,4.0496,4.3566,4.7061,5.1064,5.57,6.1168,6.7852,7.673,9.2533
1,1.0015,1.0031,1.0049,1.0068,1.0089,1.0112,1.0136,1.0163,1.0191,1.0221,1.0253,1.0287,1.0323,1.0362,1.0403,1.0446,1.0492,1.0541,1.0593,1.0648,1.0706,1.0768,1.0833,1.0903,1.0977,1.1054,1.1137,1.1225,1.1317,1.1417,1.1519,1.1634,1.1749,1.1878,1.201,1.2152,1.2307,1.2463,1.2636,1.2825,1.3016,1.3215,1.3453,1.3695,1.3942,1.4194,1.4515,1.4843,1.5179,1.5523,1.5878,1.635,1.6837,1.7338,1.7854,1.8385,1.8952,1.9725,2.053,2.1367,2.2239,2.3146,2.4091,2.5198,2.6501,2.7871,2.9355,3.1055,3.2962,3.5075,3.7444,4.0117,4.3135,4.6569,5.05,5.505,6.0414,6.6965,7.5661,9.1125
1,1.0015,1.0031,1.0049,1.0069,1.009,1.0113,1.0137,1.0164,1.0192,1.0222,1.0254,1.0288,1.0324,1.0363,1.0404,1.0447,1.0493,1.0542,1.0594,1.0648,1.0706,1.0768,1.0833,1.0902,1.0975,1.1052,1.1135,1.1222,1.1314,1.1413,1.1515,1.1628,1.1743,1.1871,1.2002,1.2142,1.2296,1.2452,1.2623,1.281,1.3,1.3196,1.3432,1.3673,1.3917,1.4166,1.4484,1.4809,1.5142,1.5481,1.5833,1.63,1.6781,1.7276,1.7786,1.8311,1.8871,1.9635,2.0429,2.1256,2.2116,2.3011,2.3942,2.5033,2.6317,2.7666,2.9127,3.08,3.2677,3.4754,3.7083,3.971,4.2675,4.6046,4.9902,5.4364,5.9622,6.6039,7.4552,8.9677
1,1.0015,1.0031,1.005,1.0069,1.0091,1.0114,1.0138,1.0165,1.0193,1.0223,1.0255,1.0289,1.0325,1.0364,1.0405,1.0448,1.0494,1.0543,1.0594,1.0649,1.0706,1.0768,1.0833,1.0901,1.0974,1.1051,1.1133,1.122,1.1311,1.141,1.1511,1.1623,1.1737,1.1864,1.1995,1.2134,1.2287,1.2441,1.2611,1.2797,1.2985,1.318,1.3414,1.3652,1.3894,1.4142,1.4457,1.4779,1.5108,1.5445,1.5792,1.6255,1.6731,1.7221,1.7726,1.8245,1.8799,1.9555,2.034,2.1157,2.2007,2.2891,2.3811,2.4889,2.6156,2.7488,2.893,3.058,3.2431,3.448,3.6775,3.9364,4.2284,4.5604,4.9402,5.3794,5.8967,6.528,7.3651,8.8516
1,1.0015,1.0032,1.005,1.007,1.0091,1.0114,1.0139,1.0166,1.0194,1.0224,1.0256,1.029,1.0326,1.0365,1.0405,1.0449,1.0494,1.0543,1.0594,1.0648,1.0706,1.0767,1.0832,1.09,1.0972,1.1049,1.113,1.1217,1.1307,1.1405,1.1506,1.1618,1.1731,1.1857,1.1986,1.2124,1.2276,1.2429,1.2598,1.2782,1.2968,1.3162,1.3394,1.363,1.387,1.4115,1.4427,1.4746,1.5072,1.5405,1.5749,1.6207,1.6678,1.7163,1.7662,1.8175,1.8723,1.9469,2.0246,2.1053,2.1892,2.2765,2.3673,2.4737,2.5987,2.7301,2.8722,3.0349,3.2174,3.4191,3.6453,3.9001,4.1876,4.5143,4.8878,5.3197,5.8283,6.4486,7.2709,8.7303
1,1.0015,1.0032,1.005,1.007,1.0092,1.0115,1.014,1.0166,1.0194,1.0225,1.0257,1.0291,1.0327,1.0365,1.0406,1.0449,1.0494,1.0542,1.0593,1.0647,1.0705,1.0765,1.0829,1.0898,1.097,1.1045,1.1126,1.1212,1.1301,1.1399,1.1499,1.161,1.1722,1.1847,1.1975,1.2112,1.2262,1.2414,1.258,1.2763,1.2947,1.3139,1.3368,1.3602,1.3839,1.4081,1.439,1.4705,1.5027,1.5356,1.5696,1.6148,1.6613,1.7092,1.7584,1.8091,1.8631,1.9367,2.0132,2.0928,2.1755,2.2614,2.3508,2.4555,2.5785,2.7077,2.8475,3.0074,3.1867,3.3849,3.6069,3.8571,4.1391,4.4595,4.8258,5.249,5.7472,6.3546,7.1593,8.5864
1,1.0015,1.0032,1.0051,1.0071,1.0092,1.0115,1.014,1.0166,1.0195,1.0225,1.0256,1.029,1.0326,1.0364,1.0405,1.0448,1.0493,1.0541,1.0592,1.0645,1.0702,1.0762,1.0826,1.0893,1.0965,1.104,1.112,1.1205,1.1294,1.1391,1.1489,1.1599,1.171,1.1834,1.1961,1.2096,1.2245,1.2395,1.256,1.274,1.2923,1.3112,1.3338,1.3569,1.3804,1.4043,1.4347,1.4658,1.4976,1.5301,1.5636,1.6082,1.6541,1.7013,1.7498,1.7997,1.8529,1.9254,2.0007,2.079,2.1603,2.2448,2.3326,2.4356,2.5564,2.6833,2.8205,2.9774,3.1532,3.3475,3.565,3.81,4.0861,4.3996,4.7578,5.1715,5.6581,6.2511,7.0362,8.4273
1,1.0015,1.0032,1.0051,1.0071,1.0092,1.0115,1.014,1.0166,1.0194,1.0224,1.0256,1.0289,1.0325,1.0363,1.0403,1.0445,1.049,1.0538,1.0588,1.0641,1.0697,1.0757,1.082,1.0887,1.0957,1.1031,1.1111,1.1195,1.1283,1.1378,1.1475,1.1584,1.1693,1.1816,1.1941,1.2075,1.2221,1.2369,1.2532,1.2709,1.2889,1.3076,1.3299,1.3526,1.3757,1.3992,1.4292,1.4598,1.4911,1.523,1.556,1.5998,1.6448,1.6912,1.7388,1.7878,1.84,1.9111,1.9849,2.0616,2.1413,2.224,2.31,2.4106,2.5288,2.6528,2.7868,2.94,3.1115,3.301,3.513,3.7517,4.0204,4.3254,4.6735,5.0754,5.5477,6.1229,6.8836,8.2298
1,1.0015,1.0032,1.0051,1.007,1.0092,1.0115,1.0139,1.0165,1.0193,1.0223,1.0254,1.0288,1.0323,1.0361,1.04,1.0442,1.0487,1.0534,1.0584,1.0636,1.0692,1.0751,1.0813,1.0879,1.0949,1.1022,1.1101,1.1184,1.127,1.1365,1.1461,1.1568,1.1676,1.1796,1.192,1.2052,1.2196,1.2342,1.2502,1.2677,1.2854,1.3038,1.3257,1.3481,1.3708,1.394,1.4234,1.4535,1.4843,1.5156,1.548,1.591,1.6353,1.6807,1.7274,1.7755,1.8266,1.8963,1.9686,2.0437,2.1217,2.2026,2.2867,2.3851,2.5005,2.6216,2.7523,2.9018,3.069,3.2536,3.46,3.6922,3.9535,4.2498,4.5879,4.9777,5.4357,5.9928,6.7289,8.0298
1,1.0015,1.0032,1.005,1.007,1.0092,1.0114,1.0139,1.0165,1.0192,1.0222,1.0253,1.0286,1.0321,1.0358,1.0398,1.0439,1.0483,1.053,1.0579,1.0631,1.0686,1.0744,1.0806,1.0871,1.094,1.1012,1.109,1.1172,1.1257,1.135,1.1445,1.155,1.1657,1.1776,1.1897,1.2027,1.2169,1.2313,1.2471,1.2643,1.2817,1.2998,1.3214,1.3434,1.3657,1.3884,1.4174,1.447,1.4771,1.5079,1.5397,1.5819,1.6253,1.6699,1.7156,1.7627,1.8128,1.881,1.9518,2.0253,2.1015,2.1806,2.2626,2.3587,2.4714,2.5894,2.7169,2.8625,3.0253,3.2049,3.4056,3.6312,3.885,4.1725,4.5003,4.878,5.3213,5.8601,6.5713,7.8263
1,1.0015,1.0032,1.005,1.007,1.0091,1.0114,1.0138,1.0164,1.0191,1.022,1.0251,1.0284,1.0319,1.0355,1.0394,1.0435,1.0479,1.0525,1.0573,1.0625,1.0679,1.0736,1.0797,1.0862,1.0929,1.1001,1.1077,1.1158,1.1242,1.1334,1.1427,1.1531,1.1636,1.1753,1.1872,1.2,1.214,1.2281,1.2436,1.2605,1.2777,1.2954,1.3166,1.3382,1.3602,1.3825,1.4109,1.4399,1.4695,1.4997,1.5308,1.5722,1.6146,1.6583,1.7031,1.7491,1.7981,1.8648,1.9339,2.0057,2.0801,2.1572,2.2372,2.3308,2.4406,2.5555,2.6795,2.8211,2.9793,3.1537,3.3485,3.5673,3.8132,4.0916,4.4087,4.7738,5.2019,5.7217,6.4071,7.6148
1,1.0015,1.0032,1.005,1.0069,1.009,1.0113,1.0137,1.0162,1.0189,1.0218,1.0248,1.0281,1.0315,1.0351,1.039,1.043,1.0473,1.0518,1.0566,1.0617,1.067,1.0726,1.0786,1.085,1.0916,1.0986,1.1061,1.1141,1.1223,1.1313,1.1405,1.1507,1.161,1.1724,1.1842,1.1967,1.2104,1.2242,1.2394,1.256,1.2727,1.2901,1.3109,1.332,1.3534,1.3752,1.403,1.4313,1.4602,1.4896,1.52,1.5604,1.6018,1.6443,1.6879,1.7327,1.7804,1.8453,1.9125,1.9822,2.0545,2.1294,2.207,2.2977,2.404,2.5153,2.6353,2.7721,2.9249,3.0933,3.2812,3.492,3.7288,3.9966,4.3013,4.6519,5.0625,5.5604,6.2161,7.3693
1,1.0015,1.0032,1.005,1.0069,1.009,1.0112,1.0135,1.0161,1.0187,1.0216,1.0246,1.0278,1.0311,1.0347,1.0385,1.0425,1.0467,1.0512,1.0559,1.0609,1.0661,1.0717,1.0775,1.0838,1.0903,1.0972,1.1046,1.1124,1.1205,1.1293,1.1383,1.1483,1.1584,1.1697,1.1812,1.1935,1.2069,1.2205,1.2354,1.2516,1.268,1.285,1.3054,1.326,1.347,1.3683,1.3955,1.4232,1.4514,1.4802,1.5099,1.5493,1.5897,1.6312,1.6737,1.7174,1.7638,1.827,1.8925,1.9603,2.0306,2.1033,2.1787,2.2668,2.3699,2.4778,2.594,2.7265,2.8744,3.0371,3.2186,3.4221,3.6504,3.9084,4.2018,4.5388,4.9332,5.411,6.0392,7.1422
1,1.0015,1.0031,1.0049,1.0068,1.0089,1.011,1.0134,1.0159,1.0185,1.0213,1.0243,1.0274,1.0308,1.0343,1.038,1.0419,1.0461,1.0505,1.0551,1.06,1.0652,1.0706,1.0764,1.0825,1.089,1.0957,1.103,1.1106,1.1186,1.1272,1.1361,1.1459,1.1558,1.1668,1.1781,1.1901,1.2033,1.2166,1.2311,1.247,1.2631,1.2798,1.2996,1.3198,1.3404,1.3612,1.3877,1.4148,1.4423,1.4704,1.4994,1.5378,1.5772,1.6176,1.6591,1.7016,1.7468,1.8083,1.8719,1.9378,2.006,2.0766,2.1497,2.2351,2.3351,2.4395,2.552,2.68,2.8229,2.98,3.155,3.3511,3.5709,3.8191,4.1009,4.4245,4.8026,5.2601,5.8609,6.9136
1,1.0015,1.0031,1.0049,1.0067,1.0088,1.0109,1.0132,1.0157,1.0183,1.021,1.024,1.0271,1.0303,1.0338,1.0375,1.0413,1.0454,1.0497,1.0543,1.0591,1.0642,1.0695,1.0752,1.0812,1.0875,1.0942,1.1013,1.1088,1.1166,1.1251,1.1337,1.1433,1.153,1.1638,1.1749,1.1867,1.1995,1.2126,1.2268,1.2424,1.2581,1.2743,1.2938,1.3135,1.3336,1.3539,1.3798,1.4062,1.4331,1.4605,1.4887,1.5262,1.5645,1.6039,1.6442,1.6856,1.7295,1.7893,1.8511,1.9151,1.9813,2.0497,2.1206,2.2033,2.3,2.401,2.5097,2.6334,2.7712,2.9227,3.0913,3.2801,3.4914,3.7298,4.0003,4.3104,4.6725,5.11,5.6837,6.687
1,1.0015,1.0031,1.0048,1.0067,1.0086,1.0108,1.013,1.0155,1.018,1.0207,1.0236,1.0267,1.0299,1.0333,1.0369,1.0407,1.0447,1.0489,1.0534,1.0581,1.0631,1.0684,1.0739,1.0798,1.086,1.0925,1.0995,1.1069,1.1145,1.1228,1.1313,1.1407,1.1502,1.1608,1.1716,1.1832,1.1957,1.2085,1.2224,1.2376,1.253,1.2689,1.2879,1.3071,1.3267,1.3466,1.3718,1.3976,1.4238,1.4505,1.478,1.5145,1.5518,1.5901,1.6293,1.6695,1.7123,1.7703,1.8303,1.8924,1.9566,2.0229,2.0915,2.1716,2.2652,2.3628,2.4677,2.5871,2.7201,2.8661,3.0284,3.21,3.4131,3.642,3.9014,4.1986,4.5451,4.9632,5.5107,6.4664
1,1.0015,1.003,1.0047,1.0066,1.0085,1.0106,1.0129,1.0152,1.0178,1.0204,1.0233,1.0263,1.0294,1.0328,1.0363,1.04,1.044,1.0481,1.0525,1.0571,1.062,1.0672,1.0726,1.0784,1.0845,1.0909,1.0977,1.1049,1.1124,1.1205,1.1288,1.1381,1.1473,1.1577,1.1683,1.1795,1.1918,1.2043,1.2179,1.2327,1.2478,1.2633,1.2818,1.3006,1.3197,1.3391,1.3637,1.3888,1.4143,1.4403,1.4671,1.5026,1.5389,1.5761,1.6142,1.6533,1.6948,1.7511,1.8093,1.8695,1.9316,1.9959,2.0622,2.1396,2.2301,2.3244,2.4256,2.5407,2.6688,2.8093,2.9655,3.1399,3.3349,3.5544,3.803,4.0873,4.4184,4.8175,5.3393,6.2483
1,1.0014,1.003,1.0047,1.0065,1.0084,1.0105,1.0126,1.015,1.0175,1.0201,1.0228,1.0258,1.0289,1.0322,1.0356,1.0393,1.0431,1.0472,1.0515,1.056,1.0608,1.0659,1.0712,1.0769,1.0828,1.089,1.0957,1.1027,1.1101,1.118,1.1261,1.1351,1.1442,1.1543,1.1646,1.1756,1.1876,1.1997,1.213,1.2275,1.2421,1.2572,1.2753,1.2936,1.3121,1.331,1.3549,1.3793,1.4041,1.4294,1.4554,1.4898,1.5251,1.5612,1.5982,1.636,1.6761,1.7307,1.787,1.8452,1.9052,1.9672,2.0312,2.1059,2.193,2.2838,2.3812,2.4919,2.6149,2.7497,2.8994,3.0665,3.253,3.4628,3.7,3.9711,4.2863,4.6658,5.1611,6.022
1,1.0014,1.0029,1.0046,1.0064,1.0082,1.0103,1.0124,1.0147,1.0171,1.0197,1.0224,1.0253,1.0283,1.0316,1.0349,1.0385,1.0423,1.0463,1.0505,1.0549,1.0596,1.0645,1.0697,1.0753,1.0811,1.0872,1.0937,1.1006,1.1077,1.1155,1.1234,1.1321,1.141,1.1508,1.1609,1.1716,1.1833,1.1951,1.2081,1.2221,1.2364,1.2511,1.2686,1.2864,1.3045,1.3228,1.3461,1.3697,1.3938,1.4183,1.4436,1.4769,1.5111,1.5461,1.5818,1.6184,1.6573,1.71,1.7644,1.8205,1.8784,1.9382,1.9999,2.0717,2.1555,2.2428,2.3363,2.4424,2.5604,2.6894,2.8326,2.9923,3.1703,3.3702,3.5961,3.8538,4.1531,4.5128,4.9815,5.7941
1,1.0014,1.0029,1.0045,1.0062,1.0081,1.0101,1.0122,1.0145,1.0168,1.0194,1.022,1.0249,1.0278,1.031,1.0343,1.0378,1.0415,1.0454,1.0495,1.0539,1.0585,1.0633,1.0684,1.0738,1.0795,1.0855,1.0918,1.0986,1.1055,1.1132,1.1209,1.1295,1.1381,1.1477,1.1576,1.168,1.1794,1.191,1.2036,1.2174,1.2312,1.2456,1.2627,1.2801,1.2976,1.3155,1.3382,1.3612,1.3847,1.4085,1.433,1.4655,1.4987,1.5327,1.5674,1.6029,1.6406,1.6917,1.7444,1.7988,1.8549,1.9127,1.9723,2.0417,2.1226,2.2067,2.2969,2.3992,2.5126,2.6368,2.7743,2.9275,3.0982,3.2897,3.5058,3.7521,4.0377,4.3805,4.8265,5.598
1,1.0014,1.0028,1.0044,1.0061,1.008,1.0099,1.012,1.0142,1.0165,1.019,1.0216,1.0244,1.0273,1.0304,1.0337,1.0371,1.0407,1.0445,1.0486,1.0528,1.0573,1.062,1.067,1.0723,1.0779,1.0837,1.0899,1.0965,1.1033,1.1108,1.1183,1.1267,1.1351,1.1445,1.1541,1.1643,1.1755,1.1867,1.199,1.2124,1.226,1.24,1.2566,1.2735,1.2907,1.308,1.3301,1.3525,1.3753,1.3985,1.4223,1.4539,1.4861,1.5191,1.5527,1.5872,1.6237,1.6732,1.7243,1.7769,1.8311,1.8869,1.9445,2.0115,2.0895,2.1706,2.2574,2.3558,2.4649,2.5841,2.7161,2.863,3.0265,3.2097,3.4161,3.6512,3.9235,4.2497,4.6735,5.405
1,1.0013,1.0028,1.0043,1.006,1.0078,1.0097,1.0118,1.0139,1.0162,1.0186,1.0212,1.0239,1.0267,1.0298,1.0329,1.0363,1.0398,1.0436,1.0475,1.0517,1.0561,1.0607,1.0656,1.0707,1.0761,1.0818,1.0879,1.0943,1.101,1.1082,1.1156,1.1238,1.132,1.1412,1.1505,1.1605,1.1713,1.1823,1.1943,1.2073,1.2205,1.2341,1.2503,1.2668,1.2834,1.3003,1.3217,1.3435,1.3656,1.3881,1.4113,1.4419,1.4731,1.505,1.5377,1.571,1.6063,1.6542,1.7035,1.7543,1.8067,1.8605,1.916,1.9806,2.0557,2.1337,2.2171,2.3116,2.4163,2.5306,2.657,2.7975,2.9537,3.1286,3.3254,3.5492,3.8081,4.1179,4.5196,5.2113
1,1.0013,1.0027,1.0043,1.0059,1.0077,1.0095,1.0115,1.0136,1.0159,1.0182,1.0208,1.0234,1.0262,1.0292,1.0323,1.0356,1.039,1.0427,1.0465,1.0506,1.0549,1.0594,1.0642,1.0692,1.0745,1.0801,1.086,1.0923,1.0988,1.1059,1.1131,1.121,1.1291,1.138,1.1471,1.1568,1.1674,1.1781,1.1898,1.2025,1.2154,1.2286,1.2444,1.2604,1.2766,1.293,1.3139,1.335,1.3566,1.3784,1.4009,1.4306,1.4609,1.4919,1.5235,1.5558,1.59,1.6364,1.6841,1.7333,1.7838,1.8358,1.8894,1.9516,2.024,2.0992,2.1795,2.2703,2.3709,2.4806,2.6018,2.7364,2.8859,3.053,3.2409,3.4543,3.7008,3.9954,4.3766,5.0315
1,1.0013,1.0027,1.0042,1.0058,1.0075,1.0093,1.0113,1.0133,1.0155,1.0179,1.0203,1.0229,1.0256,1.0285,1.0316,1.0348,1.0382,1.0417,1.0455,1.0495,1.0536,1.0581,1.0627,1.0676,1.0728,1.0782,1.0841,1.0902,1.0965,1.1034,1.1104,1.1182,1.126,1.1348,1.1437,1.1531,1.1634,1.1738,1.1852,1.1976,1.2101,1.223,1.2384,1.2539,1.2697,1.2857,1.3059,1.3265,1.3474,1.3686,1.3904,1.4192,1.4486,1.4786,1.5093,1.5405,1.5737,1.6185,1.6647,1.7121,1.7609,1.8111,1.8628,1.9228,1.9925,2.0648,2.142,2.2293,2.3258,2.431,2.5471,2.6759,2.8188,2.9785,3.1577,3.3609,3.5955,3.8752,4.2367,4.8562
1,1.0013,1.0026,1.0041,1.0056,1.0073,1.0091,1.011,1.013,1.0151,1.0174,1.0198,1.0223,1.025,1.0278,1.0308,1.0339,1.0372,1.0407,1.0443,1.0482,1.0522,1.0565,1.0611,1.0659,1.0709,1.0762,1.0818,1.0878,1.0939,1.1006,1.1075,1.115,1.1226,1.1311,1.1397,1.1489,1.1589,1.169,1.1801,1.1921,1.2042,1.2167,1.2316,1.2467,1.2619,1.2774,1.297,1.3169,1.3371,1.3576,1.3787,1.4065,1.4349,1.4639,1.4934,1.5236,1.5555,1.5987,1.6431,1.6888,1.7357,1.7839,1.8334,1.891,1.9578,2.027,2.1008,2.1843,2.2764,2.3767,2.4874,2.61,2.7458,2.8973,3.0672,3.2597,3.4813,3.7454,4.0859,4.6678
1,1.0012,1.0025,1.004,1.0055,1.0071,1.0089,1.0107,1.0127,1.0148,1.017,1.0193,1.0218,1.0244,1.0271,1.03,1.0331,1.0363,1.0397,1.0432,1.047,1.051,1.0551,1.0596,1.0642,1.0691,1.0743,1.0798,1.0856,1.0916,1.0981,1.1048,1.1121,1.1195,1.1278,1.1362,1.1451,1.1548,1.1647,1.1754,1.1871,1.1989,1.211,1.2255,1.2401,1.2549,1.27,1.289,1.3083,1.3279,1.3478,1.3682,1.3951,1.4226,1.4507,1.4793,1.5084,1.5393,1.581,1.6239,1.6679,1.7131,1.7596,1.8073,1.8627,1.927,1.9935,2.0644,2.1444,2.2327,2.3288,2.4347,2.5518,2.6815,2.826,2.9879,3.1709,3.3815,3.6319,3.9543,4.504
1,1.0012,1.0025,1.0039,1.0054,1.0069,1.0086,1.0104,1.0124,1.0144,1.0165,1.0188,1.0212,1.0237,1.0264,1.0292,1.0322,1.0353,1.0386,1.0421,1.0458,1.0496,1.0537,1.058,1.0626,1.0673,1.0723,1.0777,1.0833,1.0892,1.0955,1.102,1.1091,1.1164,1.1244,1.1325,1.1412,1.1507,1.1602,1.1707,1.182,1.1934,1.2052,1.2193,1.2335,1.2479,1.2624,1.2809,1.2996,1.3186,1.3378,1.3576,1.3837,1.4103,1.4374,1.465,1.4932,1.523,1.5632,1.6046,1.647,1.6906,1.7353,1.7812,1.8345,1.8962,1.96,2.0281,2.1048,2.1894,2.2813,2.3824,2.4943,2.618,2.7556,2.9096,3.0835,3.2833,3.5206,3.8255,4.344
1,1.0012,1.0024,1.0038,1.0052,1.0067,1.0084,1.0102,1.012,1.014,1.0161,1.0183,1.0206,1.0231,1.0257,1.0284,1.0313,1.0343,1.0376,1.0409,1.0445,1.0483,1.0522,1.0564,1.0608,1.0655,1.0703,1.0755,1.081,1.0867,1.0929,1.0991,1.1061,1.1131,1.1209,1.1288,1.1372,1.1464,1.1557,1.1658,1.1768,1.1879,1.1993,1.213,1.2267,1.2407,1.2548,1.2726,1.2907,1.3091,1.3278,1.3469,1.3721,1.3978,1.424,1.4506,1.4778,1.5065,1.5454,1.5852,1.6261,1.668,1.711,1.7551,1.8062,1.8654,1.9266,1.9918,2.0652,2.1461,2.2339,2.3304,2.4371,2.5549,2.6858,2.8321,2.9971,3.1864,3.4108,3.6987,4.1871
1,1.0011,1.0023,1.0036,1.005,1.0066,1.0082,1.0099,1.0117,1.0136,1.0156,1.0178,1.02,1.0224,1.0249,1.0276,1.0304,1.0334,1.0365,1.0398,1.0433,1.0469,1.0508,1.0548,1.0591,1.0636,1.0684,1.0734,1.0788,1.0843,1.0903,1.0964,1.1031,1.1099,1.1175,1.1252,1.1334,1.1423,1.1513,1.1612,1.1718,1.1826,1.1937,1.2069,1.2203,1.2338,1.2474,1.2647,1.2823,1.3001,1.3181,1.3366,1.361,1.3859,1.4112,1.437,1.4632,1.4909,1.5284,1.5668,1.6062,1.6465,1.6879,1.7303,1.7795,1.8364,1.8951,1.9576,2.028,2.1055,2.1895,2.2817,2.3836,2.4959,2.6206,2.7598,2.9166,3.0963,3.309,3.5813,4.0423
1,1.0011,1.0023,1.0035,1.0049,1.0064,1.0079,1.0096,1.0113,1.0132,1.0152,1.0172,1.0194,1.0218,1.0242,1.0268,1.0295,1.0324,1.0355,1.0386,1.042,1.0456,1.0493,1.0533,1.0574,1.0618,1.0664,1.0713,1.0765,1.0819,1.0877,1.0936,1.1002,1.1068,1.1142,1.1216,1.1296,1.1383,1.147,1.1565,1.1669,1.1774,1.1881,1.2009,1.2139,1.227,1.2402,1.257,1.274,1.2912,1.3087,1.3266,1.3502,1.3742,1.3987,1.4236,1.4489,1.4757,1.5119,1.5489,1.5869,1.6258,1.6656,1.7064,1.7537,1.8083,1.8648,1.9247,1.9922,2.0664,2.1468,2.235,2.3322,2.4394,2.5583,2.6908,2.84,3.0106,3.2122,3.47,3.9053
1,1.001,1.0022,1.0034,1.0047,1.0061,1.0077,1.0093,1.011,1.0128,1.0147,1.0167,1.0188,1.0211,1.0235,1.026,1.0286,1.0314,1.0344,1.0375,1.0407,1.0442,1.0478,1.0517,1.0557,1.06,1.0644,1.0692,1.0742,1.0794,1.0851,1.0909,1.0972,1.1037,1.1108,1.118,1.1258,1.1342,1.1426,1.1519,1.1619,1.1721,1.1825,1.1949,1.2075,1.2202,1.233,1.2492,1.2657,1.2824,1.2992,1.3165,1.3394,1.3626,1.3862,1.4103,1.4347,1.4605,1.4954,1.5311,1.5677,1.6051,1.6434,1.6827,1.7281,1.7806,1.8347,1.8922,1.9568,2.0278,2.1047,2.189,2.2818,2.3841,2.4973,2.6234,2.765,2.9269,3.118,3.3619,3.7727
1,1.001,1.0021,1.0033,1.0045,1.0059,1.0074,1.0089,1.0105,1.0123,1.0141,1.0161,1.0181,1.0203,1.0226,1.025,1.0276,1.0303,1.0331,1.0361,1.0393,1.0426,1.0461,1.0498,1.0537,1.0579,1.0622,1.0668,1.0716,1.0767,1.0821,1.0877,1.0938,1.1,1.1069,1.1139,1.1214,1.1295,1.1377,1.1466,1.1563,1.1661,1.1761,1.1881,1.2002,1.2124,1.2248,1.2404,1.2563,1.2723,1.2886,1.3052,1.3272,1.3495,1.3722,1.3953,1.4188,1.4435,1.477,1.5112,1.5462,1.582,1.6187,1.6562,1.6995,1.7497,1.8013,1.856,1.9176,1.9851,2.0581,2.1381,2.2262,2.3229,2.43,2.5491,2.6827,2.8352,3.0149,3.2437,3.6282
1,1.001,1.002,1.0032,1.0044,1.0057,1.0071,1.0086,1.0102,1.0118,1.0136,1.0155,1.0175,1.0196,1.0218,1.0242,1.0267,1.0293,1.032,1.0349,1.038,1.0412,1.0446,1.0482,1.052,1.056,1.0602,1.0646,1.0693,1.0742,1.0795,1.0849,1.0909,1.0969,1.1036,1.1104,1.1176,1.1255,1.1334,1.142,1.1514,1.1609,1.1706,1.1822,1.194,1.2058,1.2178,1.2329,1.2482,1.2638,1.2795,1.2955,1.3168,1.3383,1.3603,1.3825,1.4052,1.4291,1.4613,1.4943,1.528,1.5625,1.5977,1.6337,1.6754,1.7235,1.773,1.8255,1.8845,1.9491,2.019,2.0954,2.1794,2.2717,2.3737,2.487,2.614,2.7587,2.929,3.1456,3.5085
1,1.0009,1.0019,1.003,1.0042,1.0055,1.0068,1.0083,1.0098,1.0114,1.0131,1.015,1.0169,1.0189,1.0211,1.0234,1.0258,1.0283,1.031,1.0338,1.0368,1.0399,1.0432,1.0467,1.0504,1.0542,1.0583,1.0626,1.0672,1.0719,1.0771,1.0823,1.0881,1.0939,1.1004,1.107,1.114,1.1217,1.1294,1.1378,1.1469,1.1561,1.1655,1.1768,1.1881,1.1996,1.2112,1.2259,1.2407,1.2558,1.271,1.2866,1.3071,1.328,1.3492,1.3707,1.3926,1.4157,1.4468,1.4787,1.5112,1.5444,1.5784,1.6131,1.6532,1.6995,1.7471,1.7976,1.8541,1.9162,1.9831,2.0563,2.1367,2.2249,2.3223,2.4304,2.5513,2.689,2.8508,3.0562,3.3998
1,1.0009,1.0019,1.0029,1.004,1.0053,1.0066,1.008,1.0094,1.011,1.0127,1.0144,1.0163,1.0183,1.0203,1.0225,1.0249,1.0273,1.0299,1.0326,1.0355,1.0386,1.0418,1.0451,1.0487,1.0525,1.0564,1.0606,1.065,1.0696,1.0746,1.0797,1.0853,1.091,1.0973,1.1037,1.1105,1.1179,1.1254,1.1335,1.1424,1.1513,1.1605,1.1714,1.1824,1.1935,1.2048,1.219,1.2334,1.248,1.2627,1.2778,1.2977,1.3179,1.3384,1.3592,1.3804,1.4027,1.4328,1.4635,1.4949,1.5269,1.5597,1.5931,1.6317,1.6763,1.7221,1.7706,1.8249,1.8844,1.9486,2.0187,2.0957,2.18,2.2731,2.3762,2.4915,2.6226,2.7763,2.9713,3.2967
1,1.0008,1.0018,1.0028,1.0039,1.005,1.0063,1.0076,1.0091,1.0106,1.0122,1.0139,1.0157,1.0176,1.0196,1.0217,1.024,1.0263,1.0288,1.0315,1.0343,1.0372,1.0403,1.0436,1.047,1.0507,1.0545,1.0586,1.0629,1.0673,1.0722,1.0771,1.0825,1.088,1.0941,1.1003,1.1069,1.1141,1.1214,1.1293,1.1378,1.1465,1.1554,1.1659,1.1766,1.1874,1.1983,1.2121,1.226,1.2401,1.2544,1.269,1.2882,1.3078,1.3276,1.3477,1.3682,1.3897,1.4187,1.4484,1.4786,1.5095,1.5411,1.5733,1.6104,1.6533,1.6973,1.7439,1.796,1.8531,1.9146,1.9817,2.0553,2.1359,2.2248,2.3231,2.433,2.5576,2.7038,2.8887,3.1968
1,1.0008,1.0017,1.0027,1.0037,1.0048,1.006,1.0073,1.0087,1.0101,1.0117,1.0133,1.015,1.0169,1.0188,1.0208,1.023,1.0253,1.0277,1.0303,1.033,1.0358,1.0388,1.042,1.0453,1.0489,1.0525,1.0565,1.0607,1.065,1.0697,1.0744,1.0797,1.085,1.0909,1.0969,1.1033,1.1103,1.1173,1.125,1.1333,1.1416,1.1502,1.1605,1.1708,1.1813,1.1918,1.2052,1.2187,1.2323,1.2461,1.2602,1.2788,1.2977,1.3168,1.3363,1.356,1.3768,1.4048,1.4334,1.4625,1.4923,1.5227,1.5536,1.5894,1.6306,1.6728,1.7175,1.7675,1.8222,1.8811,1.9454,2.0157,2.0927,2.1774,2.2712,2.3757,2.4942,2.633,2.8083,3.0997
1,1.0008,1.0016,1.0025,1.0035,1.0046,1.0057,1.0069,1.0082,1.0096,1.0111,1.0127,1.0143,1.0161,1.018,1.0199,1.022,1.0242,1.0265,1.029,1.0316,1.0343,1.0372,1.0403,1.0435,1.0469,1.0505,1.0543,1.0583,1.0625,1.067,1.0716,1.0767,1.0819,1.0876,1.0934,1.0996,1.1063,1.1131,1.1205,1.1285,1.1366,1.1449,1.1548,1.1648,1.1749,1.1851,1.198,1.211,1.2242,1.2375,1.2511,1.2691,1.2873,1.3057,1.3245,1.3435,1.3635,1.3904,1.418,1.446,1.4746,1.5038,1.5335,1.5678,1.6073,1.6478,1.6906,1.7384,1.7907,1.847,1.9083,1.9754,2.0487,2.1293,2.2184,2.3176,2.43,2.5613,2.727,3.0016
1,1.0007,1.0015,1.0024,1.0033,1.0043,1.0054,1.0066,1.0078,1.0092,1.0106,1.0121,1.0137,1.0154,1.0172,1.0191,1.0211,1.0232,1.0255,1.0278,1.0303,1.033,1.0358,1.0387,1.0419,1.0452,1.0486,1.0523,1.0562,1.0602,1.0646,1.0691,1.074,1.079,1.0845,1.0902,1.0962,1.1027,1.1093,1.1164,1.1242,1.1321,1.1401,1.1497,1.1594,1.1692,1.1791,1.1916,1.2042,1.2169,1.2298,1.243,1.2604,1.278,1.2959,1.314,1.3324,1.3517,1.3778,1.4043,1.4314,1.459,1.4871,1.5158,1.5489,1.5869,1.6259,1.667,1.713,1.7632,1.8173,1.876,1.9403,2.0105,2.0876,2.1727,2.2674,2.3745,2.4995,2.657,2.9176
1,1.0007,1.0014,1.0022,1.0031,1.0041,1.0051,1.0062,1.0074,1.0087,1.0101,1.0115,1.013,1.0147,1.0164,1.0182,1.0202,1.0222,1.0244,1.0267,1.0291,1.0316,1.0343,1.0372,1.0402,1.0434,1.0467,1.0503,1.054,1.058,1.0622,1.0665,1.0713,1.0761,1.0815,1.087,1.0928,1.0991,1.1055,1.1124,1.12,1.1276,1.1354,1.1447,1.1541,1.1635,1.1731,1.1852,1.1974,1.2098,1.2223,1.235,1.2518,1.2689,1.2862,1.3037,1.3215,1.3401,1.3653,1.391,1.4171,1.4438,1.4709,1.4985,1.5304,1.567,1.6045,1.6441,1.6883,1.7366,1.7884,1.8448,1.9064,1.9736,2.0474,2.1287,2.2191,2.3212,2.4403,2.5901,2.8376
1,1.0006,1.0013,1.0021,1.0029,1.0039,1.0048,1.0059,1.007,1.0083,1.0095,1.0109,1.0124,1.014,1.0156,1.0174,1.0192,1.0212,1.0233,1.0255,1.0278,1.0303,1.0329,1.0356,1.0385,1.0416,1.0448,1.0483,1.0519,1.0557,1.0598,1.064,1.0687,1.0733,1.0785,1.0838,1.0894,1.0956,1.1017,1.1085,1.1158,1.1232,1.1307,1.1398,1.1489,1.158,1.1673,1.179,1.1909,1.2029,1.2149,1.2273,1.2436,1.2601,1.2768,1.2938,1.311,1.329,1.3534,1.3782,1.4034,1.4291,1.4553,1.482,1.5127,1.548,1.5841,1.6222,1.6647,1.7111,1.7609,1.8151,1.8742,1.9386,2.0092,2.087,2.1734,2.2709,2.3844,2.527,2.7622
1,1.0006,1.0012,1.002,1.0028,1.0036,1.0046,1.0056,1.0066,1.0078,1.009,1.0104,1.0118,1.0133,1.0149,1.0165,1.0183,1.0202,1.0222,1.0244,1.0266,1.029,1.0315,1.0342,1.037,1.04,1.0431,1.0464,1.05,1.0536,1.0576,1.0617,1.0662,1.0707,1.0757,1.0809,1.0863,1.0923,1.0983,1.1048,1.1119,1.1191,1.1264,1.1352,1.144,1.1529,1.1619,1.1733,1.1848,1.1965,1.2082,1.2202,1.236,1.252,1.2682,1.2847,1.3013,1.3188,1.3424,1.3664,1.3909,1.4158,1.4411,1.4669,1.4965,1.5306,1.5655,1.6023,1.6433,1.688,1.7359,1.788,1.8448,1.9067,1.9745,2.0491,2.1319,2.2252,2.3337,2.4698,2.6938
1,1.0005,1.0012,1.0018,1.0026,1.0034,1.0043,1.0052,1.0062,1.0073,1.0085,1.0098,1.0111,1.0126,1.0141,1.0157,1.0174,1.0192,1.0212,1.0232,1.0254,1.0277,1.0301,1.0327,1.0354,1.0383,1.0413,1.0445,1.0479,1.0515,1.0554,1.0593,1.0636,1.068,1.0729,1.0779,1.0832,1.089,1.0948,1.1011,1.108,1.115,1.1221,1.1306,1.1392,1.1478,1.1566,1.1676,1.1788,1.1901,1.2015,1.2131,1.2284,1.244,1.2597,1.2756,1.2918,1.3087,1.3316,1.3548,1.3785,1.4026,1.427,1.452,1.4806,1.5135,1.5472,1.5827,1.6222,1.6653,1.7115,1.7616,1.8162,1.8757,1.9408,2.0123,2.0916,2.1809,2.2846,2.4146,2.6281
1,1.0005,1.0011,1.0017,1.0025,1.0032,1.0041,1.005,1.006,1.0071,1.0082,1.0094,1.0108,1.0121,1.0136,1.0152,1.0169,1.0187,1.0205,1.0225,1.0247,1.0269,1.0293,1.0318,1.0345,1.0373,1.0402,1.0434,1.0468,1.0502,1.054,1.0579,1.0622,1.0665,1.0713,1.0762,1.0814,1.087,1.0927,1.099,1.1058,1.1126,1.1196,1.1279,1.1364,1.1449,1.1534,1.1643,1.1753,1.1863,1.1975,1.2089,1.224,1.2393,1.2547,1.2703,1.2862,1.3028,1.3252,1.348,1.3712,1.3948,1.4188,1.4432,1.4713,1.5035,1.5365,1.5712,1.6099,1.652,1.6971,1.7461,1.7994,1.8574,1.9209,1.9906,2.0678,2.1547,2.2556,2.3819,2.5891
